<?xml version="1.0" encoding="UTF-8"?>
<beans xmlns="http://www.springframework.org/schema/beans"
       xmlns:xsi="http://www.w3.org/2001/XMLSchema-instance"
       xmlns:aop="http://www.springframework.org/schema/aop"
       xsi:schemaLocation="http://www.springframework.org/schema/beans
       http://www.springframework.org/schema/beans/spring-beans.xsd
       http://www.springframework.org/schema/aop
       http://www.springframework.org/schema/aop/spring-aop.xsd">

    <bean id="bookRepository" class="com.library.repository.BookRepository"/>

    <bean id="bookService" class="com.library.service.BookService">
        <property name="bookRepository" ref="bookRepository"/>
    </bean>
    
    <aop:aspectj-autoproxy/>

    <bean id="loggingAspect" class="com.library.aspect.LoggingAspect"/>
    
    <aop:config>
        <aop:pointcut id="loggingPointcut" expression="execution(* com.library.service.BookService.*(..))"/>
        <aop:aspect ref="loggingAspect">
            <aop:before pointcut-ref="loggingPointcut" method="logBefore"/>
            <aop:after pointcut-ref="loggingPointcut" method="logAfter"/>
        </aop:aspect>
    </aop:config>

</beans>